twitter_handle,twitter_url,twitter_name,twitter_rest_id,tweets_count,followers_count,following_count,vibeloft_username,vibeloft_nickname,vibeloft_profile_url,ok,error
ezshine,https://x.com/ezshine,大帅老猿,18896395,19368,56114,610,ezshine,大帅,https://vibeloft.ai/profile/ezshine,True,
chunxiangai,https://x.com/chunxiangai,赵纯想,913314383526223872,3393,39940,464,chunxiangai,赵纯想,https://vibeloft.ai/profile/chunxiangai,True,
drmrzhong,https://x.com/drmrzhong,AI设计钟师傅,814884992698368000,31713,21619,14420,drmrzhong,AI设计钟师傅,https://vibeloft.ai/profile/drmrzhong,True,
wey_gu,https://x.com/wey_gu,Wey Gu 古思为,24313912,23460,18920,4013,siwei,古思为,https://vibeloft.ai/profile/siwei,True,
ZaynHao,https://x.com/ZaynHao,Zayn Hao,854722070101360641,6009,17421,1742,zaynhao,Zayn Hao,https://vibeloft.ai/profile/zaynhao,True,
discountifu,https://x.com/discountifu,大梦想家迪士尼,489233083,12216,14595,740,userb9e84d60,大梦想家迪士尼,https://vibeloft.ai/profile/userb9e84d60,True,
weijunext,https://x.com/weijunext,weijunext,1646010116624334848,1752,14028,1308,weijunext,weijunext,https://vibeloft.ai/profile/weijunext,True,
seekjourney,https://x.com/seekjourney,极客杰尼,1639460977510092803,4201,12062,944,geekjourney,极客杰尼,https://vibeloft.ai/profile/geekjourney,True,
jaywcjlove,https://x.com/jaywcjlove,小弟调调,579701209,8833,11212,990,jiang,Kenny Wang,https://vibeloft.ai/profile/jiang,True,
timtimtim_eth,https://x.com/timtimtim_eth,timtimtim,2221837945,9125,8336,4532,timtimtim,timtimtim,https://vibeloft.ai/profile/timtimtim,True,
benshandebiao,https://x.com/benshandebiao,本山德彪,1527325223305224194,4313,6701,1202,userbb4cc8af,本山德彪,https://vibeloft.ai/profile/userbb4cc8af,True,
noobnooc,https://x.com/noobnooc,Nooc,981057178214612992,8823,6650,519,apple,Nooc,https://vibeloft.ai/profile/apple,True,
leexinq,https://x.com/leexinq,Leo,3756811639,1457,5061,3196,leo3,Leo,https://vibeloft.ai/profile/leo3,True,
pennlm,https://x.com/pennlm,Penn_Lam,1842535622390804480,251,4841,801,pennlam,Penn Lam,https://vibeloft.ai/profile/pennlam,True,
wangdouglas,https://x.com/wangdouglas,Douglas Wang,276472449,814,4284,577,wangdouglas,Roki,https://vibeloft.ai/profile/wangdouglas,True,
DbgKinggg,https://x.com/DbgKinggg,Sammie 逗比国国王,1012973231798509568,4226,3989,2887,sammie,Sammie 逗比国国王,https://vibeloft.ai/profile/sammie,True,
HeyHuazi,https://x.com/HeyHuazi,Huazi,1359872249105313795,2543,3675,714,huazi,Huazi,https://vibeloft.ai/profile/huazi,True,
Kubai087,https://x.com/Kubai087,枯白啃设计,703796597335822336,1340,3640,1073,kubai087,枯白啃设计,https://vibeloft.ai/profile/kubai087,True,
leon7hao,https://x.com/leon7hao,leon7hao,1614449907787784194,3757,2804,602,leon7hao,leon7hao,https://vibeloft.ai/profile/leon7hao,True,
evanlong_me,https://x.com/evanlong_me,Evan Long,1712143431341154304,2258,2618,192,evanlong,Evan Long,https://vibeloft.ai/profile/evanlong,True,
haxfenx,https://x.com/haxfenx,fenx,359083617,2372,2282,2139,fenx,fenx,https://vibeloft.ai/profile/fenx,True,
daijie,https://x.com/daijie,Chieh,25310238,4813,1673,442,chieh,Chieh,https://vibeloft.ai/profile/chieh,True,
wuyuandev,https://x.com/wuyuandev,孙悟元,1436287470207832064,3013,1662,882,wuyuan,孙悟元,https://vibeloft.ai/profile/wuyuan,True,
ios_1261142602,https://x.com/ios_1261142602,sunshineLx,4746564680,1557,1538,1399,xlsunshinelx,x L (sunshineLx),https://vibeloft.ai/profile/xlsunshinelx,True,
avenger,https://x.com/avenger,Bole Chen,1487021,4743,1341,1284,bolechen,Bole,https://vibeloft.ai/profile/bolechen,True,
thejoven_com,https://x.com/thejoven_com,thejoven - ElizaOS,344028988,580,1259,3865,thejovenelizaos,thejoven - ElizaOS,https://vibeloft.ai/profile/thejovenelizaos,True,
KajianD65580,https://x.com/KajianD65580,Kajian,1760552398970556416,1716,1214,390,kajiandu,kajian du,https://vibeloft.ai/profile/kajiandu,True,
deepbluuest,https://x.com/deepbluuest,AI.ovono✨,882970339029819392,4508,1180,4424,bluuedeep,bluue deep,https://vibeloft.ai/profile/bluuedeep,True,
heyshigeru,https://x.com/heyshigeru,Shigeru,1716723805098500096,1400,1093,325,shigeru,Shigeru,https://vibeloft.ai/profile/shigeru,True,
DevJohnWayne,https://x.com/DevJohnWayne,John Wayne,2007364793162977280,225,883,264,user5bc5f8dc,John Wayne,https://vibeloft.ai/profile/user5bc5f8dc,True,
HackerMeta,https://x.com/HackerMeta,BeWords,596358434,965,820,688,bewords,BeWords,https://vibeloft.ai/profile/bewords,True,
kshift,https://x.com/kshift,kshift,61396300,3790,756,635,kshift,kshift,https://vibeloft.ai/profile/kshift,True,
chibinya_,https://x.com/chibinya_,Boyce Chi,1054736064202436608,1258,722,4071,boycechi,Chi,https://vibeloft.ai/profile/boycechi,True,
flygoly,https://x.com/flygoly,flygoly,1258051361448624129,721,701,1478,flygoly,flygoly,https://vibeloft.ai/profile/flygoly,True,
zzjoey_,https://x.com/zzjoey_,JJoey,1896520996145987584,81,640,70,joeyzhu,Joey Zhu,https://vibeloft.ai/profile/joeyzhu,True,
limbopeng,https://x.com/limbopeng,LimboAI,2935230838,2142,631,783,limbo,Limbo,https://vibeloft.ai/profile/limbo,True,
xiuerold,https://x.com/xiuerold,XiuerOld,1448377033,1424,543,815,xiuerold,XiuerOld,https://vibeloft.ai/profile/xiuerold,True,
vpszk,https://x.com/vpszk,Kael,1375873003792179201,214,473,644,user8a66d319,kael,https://vibeloft.ai/profile/user8a66d319,True,
keva7in,https://x.com/keva7in,win98,1015199684,2210,454,517,win98,win98,https://vibeloft.ai/profile/win98,True,
zachary_haha,https://x.com/zachary_haha,雷电芽衣,1902420673,3913,441,367,yangzhang,Yang Zhang,https://vibeloft.ai/profile/yangzhang,True,
yishanll,https://x.com/yishanll,Yishan,94463,853,440,345,yishan,Yishan,https://vibeloft.ai/profile/yishan,True,
ericoding99,https://x.com/ericoding99,Eric｜晓峰,1947294542354632704,1529,421,1879,ericoding00,Eric|晓峰,https://vibeloft.ai/profile/ericoding00,True,
isacedx,https://x.com/isacedx,isaced,636195098,244,372,2428,isaced,isaced,https://vibeloft.ai/profile/isaced,True,
junxi_song,https://x.com/junxi_song,Junxi,1536436874683813888,379,333,219,junxi,Junxi,https://vibeloft.ai/profile/junxi,True,
YoYo_404_,https://x.com/YoYo_404_,又忘记吃午饭了,1256637891020599297,7763,303,767,sameral,Sameral,https://vibeloft.ai/profile/sameral,True,
DeRyckNth,https://x.com/DeRyckNth,DeRyckⁿ,2371940023,171,285,1578,deryckderyckn,Deryck (DeRyckn),https://vibeloft.ai/profile/deryckderyckn,True,
hellsign,https://x.com/hellsign,王大力,20505406,286,258,219,wangguania,王大力,https://vibeloft.ai/profile/wangguania,True,
pavlova233,https://x.com/pavlova233,Pavlova,1676119892230037509,413,221,302,pavlova,Pavlova,https://vibeloft.ai/profile/pavlova,True,
GhostCa16861041,https://x.com/GhostCa16861041,Louis,1340168885329260546,1422,145,2138,louis,Louis,https://vibeloft.ai/profile/louis,True,
ZHENGWOOK,https://x.com/ZHENGWOOK,Wook,889022853919592448,764,144,486,Wook,Wook,https://vibeloft.ai/profile/Wook,True,
BOYSOcn,https://x.com/BOYSOcn,BOYSO,500378195,228,141,382,BOYSO,BOYSO,https://vibeloft.ai/profile/BOYSO,True,
thetimothylau,https://x.com/thetimothylau,Timothy Lau,1151379549172596736,325,131,219,timothylau,Timothy Lau,https://vibeloft.ai/profile/timothylau,True,
wenyuanw_,https://x.com/wenyuanw_,wenyuan,1046997802788761600,893,118,609,wenyuanw,wenyuan,https://vibeloft.ai/profile/wenyuanw,True,
zhulin014,https://x.com/zhulin014,老A玩AI,127756901,900,101,887,user9a8bea08,哈里里,https://vibeloft.ai/profile/user9a8bea08,True,
shi_jinwei,https://x.com/shi_jinwei,whenever-不可兼容,1289923670303838211,299,101,255,whenever,whenever-不可兼容,https://vibeloft.ai/profile/whenever,True,
SeanXunWong,https://x.com/SeanXunWong,Sean,945958901849231361,789,74,481,seanwong,Sean Wong,https://vibeloft.ai/profile/seanwong,True,
AllRichRich,https://x.com/AllRichRich,Rich Quan,1513329013044887555,386,74,335,richquan,Rich Quan,https://vibeloft.ai/profile/richquan,True,
AirboZH,https://x.com/AirboZH,Airbo,1782625101147742208,160,71,210,airbozh,二薄,https://vibeloft.ai/profile/airbozh,True,
xbyeval,https://x.com/xbyeval,byeval,543581252,279,56,969,byeval,byeval,https://vibeloft.ai/profile/byeval,True,
feiji55,https://x.com/feiji55,非机,1968997341765259264,670,46,184,oosvg,非机,https://vibeloft.ai/profile/oosvg,True,
wang3an,https://x.com/wang3an,Wang3an,22484086,783,45,84,williamwanghui,William Wanghui,https://vibeloft.ai/profile/williamwanghui,True,
ducai_c137,https://x.com/ducai_c137,Ditto,1466477835950907396,424,38,515,ditto,ditto,https://vibeloft.ai/profile/ditto,True,
yekk_me,https://x.com/yekk_me,yekk,917220610517938176,63,33,117,yekk,yekk,https://vibeloft.ai/profile/yekk,True,
HeiHeiKai,https://x.com/HeiHeiKai,Justin,2849565178,326,30,226,justin,Justin,https://vibeloft.ai/profile/justin,True,
jiacheng_w4ng,https://x.com/jiacheng_w4ng,Jason Wang,1470380000482373639,33,30,269,jasonwang,Jason Wang,https://vibeloft.ai/profile/jasonwang,True,
_xiaobaiw,https://x.com/_xiaobaiw,小白同学,2034918732309676032,197,22,19,white,小白同学,https://vibeloft.ai/profile/white,True,
LuffyDaxia,https://x.com/LuffyDaxia,大侠Luffy,1116633244995211264,37,11,39,luffy,大侠Luffy,https://vibeloft.ai/profile/luffy,True,
oopserian,https://x.com/oopserian,Erian,833506717820284928,104,9,317,erian,Erian,https://vibeloft.ai/profile/erian,True,
alifeiliu,https://x.com/alifeiliu,FeiLiu,1785337381845192704,477,8,290,liufei,飞流,https://vibeloft.ai/profile/liufei,True,
heichenya,https://x.com/heichenya,Heichen,1961008282199543808,29,8,54,heichenya,Heichen,https://vibeloft.ai/profile/heichenya,True,
kira_kamo_ne,https://x.com/kira_kamo_ne,Kira,1765941433272524800,165,6,8,kira,Kira,https://vibeloft.ai/profile/kira,True,
Miaoooo000,https://x.com/Miaoooo000,miao,1949025881491734532,63,2,157,miao,miao,https://vibeloft.ai/profile/miao,True,
areahao,https://x.com/areahao,fivehow,1135058429158993921,37,2,137,fivehow,FiveHow,https://vibeloft.ai/profile/fivehow,True,
